id,user_id,created_at
1,1,2024-12-09 22:41:58.587807
2,2,2024-12-16 22:41:58.588039
3,3,2025-01-16 22:41:58.588210
4,4,2025-05-15 22:41:58.588357
5,5,2025-02-15 22:41:58.588493
6,6,2024-12-28 22:41:58.588592
7,7,2025-03-15 22:41:58.588697
8,8,2025-03-21 22:41:58.588804
9,9,2025-02-08 22:41:58.588916
10,10,2025-03-06 22:41:58.589048
11,11,2025-05-07 22:41:58.589144
12,12,2025-04-10 22:41:58.589241
13,13,2025-04-17 22:41:58.589388
14,14,2025-01-26 22:41:58.589537
15,15,2025-05-18 22:41:58.589644
16,16,2025-02-22 22:41:58.589775
17,17,2025-03-29 22:41:58.589873
18,18,2025-02-03 22:41:58.589973
19,19,2025-04-09 22:41:58.590071
20,20,2025-02-07 22:41:58.590175
21,21,2025-03-24 22:41:58.590307
22,22,2025-01-30 22:41:58.590435
23,23,2024-12-29 22:41:58.590566
24,24,2025-04-24 22:41:58.590690
25,25,2025-05-17 22:41:58.590817
26,26,2025-03-12 22:41:58.590928
27,27,2025-02-12 22:41:58.591063
28,28,2025-04-09 22:41:58.591159
29,29,2025-05-08 22:41:58.591290
30,30,2025-05-17 22:41:58.591417
31,31,2025-03-12 22:41:58.591520
32,32,2025-03-30 22:41:58.591649
33,33,2025-01-19 22:41:58.591745
34,34,2025-01-22 22:41:58.591846
35,35,2025-01-06 22:41:58.591951
36,36,2025-04-06 22:41:58.592080
37,37,2025-01-21 22:41:58.592182
38,38,2025-02-25 22:41:58.592295
39,39,2025-04-11 22:41:58.592433
40,40,2025-01-12 22:41:58.592543
